{
    "parent": "minecraft:item/handheld",
    "texturs": {
        "leyer0": "minecraft:item/carrot_on_a_stick"
    },

    "overrides": [
        {"predicate": {"custom_model_data":1}, "model": "minecraft:item/taiken"},
        {"predicate": {"custom_model_data":2}, "model": "minecraft:item/naihu"},
        {"predicate": {"custom_model_data":3}, "model": "minecraft:item/hanma"},
        {"predicate": {"custom_model_data":4}, "model": "minecraft:item/kaminari"},
        {"predicate": {"custom_model_data":5}, "model": "minecraft:item/honoo"}
    ]
}