{
	"credit": "Made with Blockbench",
	"parent": "minecraft:item/handheld",
	"textures": {
		"layer0": "item/hanma"
	},
	"display": {
		"thirdperson_righthand": {
			"rotation": [0, 90, 0],
			"translation": [0, 6, 2],
			"scale": [2.03, 2.06, 2.51]
		},
		"thirdperson_lefthand": {
			"rotation": [0, 90, 0],
			"translation": [0, 2.5, 2],
			"scale": [1, 1, 0.25]
		},
		"firstperson_righthand": {
			"rotation": [0, 90, 0],
			"translation": [2.25, 3.75, 1.25],
			"scale": [2.32, 2.34, 0.95]
		},
		"firstperson_lefthand": {
			"rotation": [0, -90, 0],
			"translation": [2.25, 2.5, 0],
			"scale": [1, 1.12, 0.28]
		},
		"ground": {
			"scale": [1.6, 1.6, 1]
		},
		"gui": {
			"scale": [1.53, 1.53, 1]
		},
		"head": {
			"rotation": [0, 0, -60],
			"translation": [-21.5, 10.75, 0],
			"scale": [4, 4, 4]
		}
	}
}