{
	"credit": "Made with Blockbench",
	"parent": "minecraft:item/generated",
	"textures": {
		"layer0": "item/honoo"
	},
	"display": {
		"thirdperson_righthand": {
			"rotation": [-1, 0, 25],
			"translation": [-0.5, -4, 1]
		},
		"thirdperson_lefthand": {
			"rotation": [-43, 8, 168],
			"translation": [-6.5, 5.25, 9],
			"scale": [0.45, 0.71, 0.99]
		},
		"firstperson_righthand": {
			"rotation": [0, 0, -25],
			"translation": [1.25, 4, -0.25],
			"scale": [1, 1, 0.6]
		},
		"firstperson_lefthand": {
			"rotation": [96, -14, 0],
			"translation": [-5.25, 4.25, 3.25]
		},
		"gui": {
			"scale": [1.38, 1.38, 1]
		},
		"head": {
			"rotation": [-90, 0, -164],
			"translation": [1.25, -4.25, -10.25]
		},
		"fixed": {
			"scale": [1.77, 1.74, 1]
		}
	}
}