{
	"credit": "Made with Blockbench",
	"parent": "minecraft:item/handheld",
	"textures": {
		"layer0": "item/so-do"
	},
	"display": {
		"thirdperson_righthand": {
			"rotation": [50, 90, 0],
			"translation": [0, 0.75, 0.75],
			"scale": [1, 1, 0.3]
		},
		"thirdperson_lefthand": {
			"rotation": [50, -90, 0],
			"translation": [0, 2.5, 1.25]
		},
		"firstperson_righthand": {
			"rotation": [19, 90, 18],
			"translation": [2, 0, 0],
			"scale": [1.82, 1.82, 0.15]
		},
		"firstperson_lefthand": {
			"rotation": [19, -90, -18],
			"translation": [2, 0, 0],
			"scale": [1.82, 1.82, 0.15]
		},
		"ground": {
			"scale": [1.5, 1.5, 0.28]
		},
		"gui": {
			"translation": [-0.25, -4.25, 0],
			"scale": [2, 2, 1]
		},
		"head": {
			"translation": [0, 8.5, 0]
		},
		"fixed": {
			"translation": [0, -3.5, 0],
			"scale": [2, 2, 2]
		}
	}
}