{
	"credit": "Made with Blockbench",
	"parent": "minecraft:item/generated",
	"textures": {
		"layer0": "item/paper"
	},
	"display": {
		"thirdperson_righthand": {
			"translation": [0, 2, 0]
		},
		"thirdperson_lefthand": {
			"translation": [0, 2.75, 0]
		},
		"firstperson_righthand": {
			"rotation": [0, 0, 9],
			"translation": [1.75, 4.25, 0]
		},
		"firstperson_lefthand": {
			"rotation": [0, 0, 34],
			"translation": [-7.25, 4, 0],
			"scale": [4, 4, 4]
		},
		"gui": {
			"translation": [0.5, -1.75, 0],
			"scale": [1.6, 1.6, 1]
		},
		"head": {
			"rotation": [90, 0, 61],
			"translation": [1.5, -5.5, -9.75]
		},
		"fixed": {
			"translation": [0, -2, 0],
			"scale": [1.6, 1.6, 1]
		}
	}
}