{
	"credit": "Made with Blockbench",
	"parent": "minecraft:item/handheld",
	"textures": {
		"layer0": "item/taiken"
	},
	"display": {
		"thirdperson_righthand": {
			"rotation": [70, 90, -14],
			"translation": [0, 6.5, 2.25],
			"scale": [1.6, 1.6, 1]
		},
		"thirdperson_lefthand": {
			"rotation": [70, -90, 14],
			"translation": [0, 6.5, 2.5],
			"scale": [1.6, 1.6, 1]
		},
		"firstperson_righthand": {
			"rotation": [0, 90, 43],
			"translation": [1, 3.75, 0],
			"scale": [1.3, 1.3, 1]
		},
		"firstperson_lefthand": {
			"rotation": [0, -90, -43],
			"translation": [0, 3.75, 0],
			"scale": [1.3, 1.3, 1]
		},
		"ground": {
			"scale": [1.4, 1.4, 1]
		},
		"gui": {
			"translation": [-0.75, -1.5, 0]
		},
		"head": {
			"translation": [0, 10.75, 0]
		}
	}
}